Workbook

Sheet Deep Tech Report-Latest_Course 
A1: Student Code | B1: Student Name | C1: Batch Code | D1: Attendance% | E1: Course Level Attendance% | F1: TD Lab Marks% | G1: TD Lab Completion% | H1: Lab Count | I1: Lab Assigned | J1: MCQ Marks% | K1: MCQ Completion% | L1: MCQ Count | M1: MCQ Assigned | N1: Sprint1% | O1: Sprint2% | P1: iChat% | Q1: iChat Count | R1: Aptitude% | S1: Aptitute Completion% | T1: Aptitude Count | U1: Aptitude Assigned
A2: AF05214337 | B2: Arpit Lohiya | C2: ANP-D5088 | D2: 0 | E2: 0 | F2: 0 | G2: 0 | H2: 0 | I2: 0 | J2: 0 | K2: 0 | L2: 0 | M2: 1 | N2: 0 | O2: 0 | P2: 0 | Q2: 0 | R2: 0 | S2: 0 | T2: 0 | U2: 0
A3: AF05214045 | B3: Sourav Kumar Mahto | C3: ANP-D5088 | D3: 0 | E3: 0 | F3: 0 | G3: 0 | H3: 0 | I3: 0 | J3: 0 | K3: 0 | L3: 0 | M3: 1 | N3: 0 | O3: 0 | P3: 0 | Q3: 0 | R3: 0 | S3: 0 | T3: 0 | U3: 0
A4: AF05213775 | B4: Ashutosh Verma | C4: ANP-D5088 | D4: 0 | E4: 0 | F4: 0 | G4: 0 | H4: 0 | I4: 0 | J4: 0 | K4: 0 | L4: 0 | M4: 1 | N4: 0 | O4: 0 | P4: 0 | Q4: 0 | R4: 0 | S4: 0 | T4: 0 | U4: 0
A5: AF05213760 | B5: Sonu Kumar | C5: ANP-D5088 | D5: 0 | E5: 0 | F5: 0 | G5: 0 | H5: 0 | I5: 0 | J5: 0 | K5: 0 | L5: 0 | M5: 1 | N5: 0 | O5: 0 | P5: 0 | Q5: 0 | R5: 0 | S5: 0 | T5: 0 | U5: 0
A6: AF05212060 | B6: Swarn Pratap Singh | C6: ANP-D5088 | D6: 5 | E6: 1 | F6: 0 | G6: 0 | H6: 0 | I6: 0 | J6: 0 | K6: 0 | L6: 0 | M6: 1 | N6: 0 | O6: 0 | P6: 0 | Q6: 0 | R6: 0 | S6: 0 | T6: 0 | U6: 0
A7: AF05211146 | B7: Mohd Mazhar Khan | C7: ANP-D5088 | D7: 97 | E7: 10 | F7: 0 | G7: 0 | H7: 0 | I7: 0 | J7: 0 | K7: 0 | L7: 0 | M7: 1 | N7: 0 | O7: 0 | P7: 0 | Q7: 0 | R7: 0 | S7: 0 | T7: 0 | U7: 0
A8: AF05210108 | B8: Manmohan Sharma | C8: ANP-D5088 | D8: 35 | E8: 4 | F8: 0 | G8: 0 | H8: 0 | I8: 0 | J8: 0 | K8: 0 | L8: 0 | M8: 1 | N8: 0 | O8: 0 | P8: 0 | Q8: 0 | R8: 0 | S8: 0 | T8: 0 | U8: 0
A9: AF05210107 | B9: Raj Karan Singh | C9: ANP-D5088 | D9: 52 | E9: 5 | F9: 0 | G9: 0 | H9: 0 | I9: 0 | J9: 0 | K9: 0 | L9: 0 | M9: 1 | N9: 0 | O9: 0 | P9: 0 | Q9: 0 | R9: 0 | S9: 0 | T9: 0 | U9: 0
A10: AF05210106 | B10: Aarushi sharma | C10: ANP-D5088 | D10: 45 | E10: 5 | F10: 0 | G10: 0 | H10: 0 | I10: 0 | J10: 0 | K10: 0 | L10: 0 | M10: 1 | N10: 0 | O10: 0 | P10: 0 | Q10: 0 | R10: 0 | S10: 0 | T10: 0 | U10: 0
A11: AF05208426 | B11: Mr Ashwani | C11: ANP-D5088 | D11: 44 | E11: 5 | F11: 0 | G11: 0 | H11: 0 | I11: 0 | J11: 0 | K11: 0 | L11: 0 | M11: 1 | N11: 0 | O11: 0 | P11: 0 | Q11: 0 | R11: 0 | S11: 0 | T11: 0 | U11: 0
A12: AF05208306 | B12: Uma Chauhan | C12: ANP-D5088 | D12: 90 | E12: 9 | F12: 0 | G12: 0 | H12: 0 | I12: 0 | J12: 0 | K12: 0 | L12: 0 | M12: 1 | N12: 0 | O12: 0 | P12: 0 | Q12: 0 | R12: 0 | S12: 0 | T12: 0 | U12: 0
A13: AF05208304 | B13: Arbaaj Mansoori | C13: ANP-D5088 | D13: 80 | E13: 8 | F13: 0 | G13: 0 | H13: 0 | I13: 0 | J13: 0 | K13: 0 | L13: 0 | M13: 1 | N13: 0 | O13: 0 | P13: 0 | Q13: 0 | R13: 0 | S13: 0 | T13: 0 | U13: 0
... A26: AF05165162 | B26: Aman Kumar | C26: ANP-D5088 | D26: 58 | E26: 6 | F26: 0 | G26: 0 | H26: 0 | I26: 0 | J26: 0 | K26: 0 | L26: 0 | M26: 1 | N26: 0 | O26: 0 | P26: 0 | Q26: 0 | R26: 0 | S26: 0 | T26: 0 | U26: 0

Sheet Sheet1
A1: Student Code | B1: Student Name | C1: Attendance | D1: MCQ Completion | E1: MCQ Assigned | F1: Lab Completion | G1: Lab Assigned
A2: AF05214337 | B2: Arpit Lohiya | C2: =VLOOKUP(A2,'Deep Tech Report-Latest_Course '!$A$2:$D$26,4,FALSE) -> 0 | D2: =VLOOKUP(A2,'Deep Tech Report-Latest_Course '!$A$2:$M$26,11,FALSE) -> 0 | E2: =VLOOKUP(A2,'Deep Tech Report-Latest_Course '!$A$2:$M$26,13,FALSE) -> 1 | F2: =VLOOKUP(A2,'Deep Tech Report-Latest_Course '!$A$2:$M$26,9,FALSE) -> 0 | G2: =VLOOKUP(A2,'Deep Tech Report-Latest_Course '!$A$2:$L$26,9,) -> 0
A3: AF05214045 | B3: Sourav Kumar Mahto | C3: =VLOOKUP(A3,'Deep Tech Report-Latest_Course '!$A$2:$D$26,4,FALSE) -> 0 | D3: =VLOOKUP(A3,'Deep Tech Report-Latest_Course '!$A$2:$M$26,11,FALSE) -> 0 | E3: =VLOOKUP(A3,'Deep Tech Report-Latest_Course '!$A$2:$M$26,13,FALSE) -> 1 | F3: =VLOOKUP(A3,'Deep Tech Report-Latest_Course '!$A$2:$M$26,9,FALSE) -> 0 | G3: =VLOOKUP(A3,'Deep Tech Report-Latest_Course '!$A$2:$L$26,9,) -> 0
A4: AF05213775 | B4: Ashutosh Verma | C4: =VLOOKUP(A4,'Deep Tech Report-Latest_Course '!$A$2:$D$26,4,FALSE) -> 0 | D4: =VLOOKUP(A4,'Deep Tech Report-Latest_Course '!$A$2:$M$26,11,FALSE) -> 0 | E4: =VLOOKUP(A4,'Deep Tech Report-Latest_Course '!$A$2:$M$26,13,FALSE) -> 1 | F4: =VLOOKUP(A4,'Deep Tech Report-Latest_Course '!$A$2:$M$26,9,FALSE) -> 0 | G4: =VLOOKUP(A4,'Deep Tech Report-Latest_Course '!$A$2:$L$26,9,) -> 0
A5: AF05213760 | B5: Sonu Kumar | C5: =VLOOKUP(A5,'Deep Tech Report-Latest_Course '!$A$2:$D$26,4,FALSE) -> 0 | D5: =VLOOKUP(A5,'Deep Tech Report-Latest_Course '!$A$2:$M$26,11,FALSE) -> 0 | E5: =VLOOKUP(A5,'Deep Tech Report-Latest_Course '!$A$2:$M$26,13,FALSE) -> 1 | F5: =VLOOKUP(A5,'Deep Tech Report-Latest_Course '!$A$2:$M$26,9,FALSE) -> 0 | G5: =VLOOKUP(A5,'Deep Tech Report-Latest_Course '!$A$2:$L$26,9,) -> 0
A6: AF05212060 | B6: Swarn Pratap Singh | C6: =VLOOKUP(A6,'Deep Tech Report-Latest_Course '!$A$2:$D$26,4,FALSE) -> 5 | D6: =VLOOKUP(A6,'Deep Tech Report-Latest_Course '!$A$2:$M$26,11,FALSE) -> 0 | E6: =VLOOKUP(A6,'Deep Tech Report-Latest_Course '!$A$2:$M$26,13,FALSE) -> 1 | F6: =VLOOKUP(A6,'Deep Tech Report-Latest_Course '!$A$2:$M$26,9,FALSE) -> 0 | G6: =VLOOKUP(A6,'Deep Tech Report-Latest_Course '!$A$2:$L$26,9,) -> 0
A7: AF05211146 | B7: Mohd Mazhar Khan | C7: =VLOOKUP(A7,'Deep Tech Report-Latest_Course '!$A$2:$D$26,4,FALSE) -> 97 | D7: =VLOOKUP(A7,'Deep Tech Report-Latest_Course '!$A$2:$M$26,11,FALSE) -> 0 | E7: =VLOOKUP(A7,'Deep Tech Report-Latest_Course '!$A$2:$M$26,13,FALSE) -> 1 | F7: =VLOOKUP(A7,'Deep Tech Report-Latest_Course '!$A$2:$M$26,9,FALSE) -> 0 | G7: =VLOOKUP(A7,'Deep Tech Report-Latest_Course '!$A$2:$L$26,9,) -> 0
A8: AF05210108 | B8: Manmohan Sharma | C8: =VLOOKUP(A8,'Deep Tech Report-Latest_Course '!$A$2:$D$26,4,FALSE) -> 35 | D8: =VLOOKUP(A8,'Deep Tech Report-Latest_Course '!$A$2:$M$26,11,FALSE) -> 0 | E8: =VLOOKUP(A8,'Deep Tech Report-Latest_Course '!$A$2:$M$26,13,FALSE) -> 1 | F8: =VLOOKUP(A8,'Deep Tech Report-Latest_Course '!$A$2:$M$26,9,FALSE) -> 0 | G8: =VLOOKUP(A8,'Deep Tech Report-Latest_Course '!$A$2:$L$26,9,) -> 0
A9: AF05210107 | B9: Raj Karan Singh | C9: =VLOOKUP(A9,'Deep Tech Report-Latest_Course '!$A$2:$D$26,4,FALSE) -> 52 | D9: =VLOOKUP(A9,'Deep Tech Report-Latest_Course '!$A$2:$M$26,11,FALSE) -> 0 | E9: =VLOOKUP(A9,'Deep Tech Report-Latest_Course '!$A$2:$M$26,13,FALSE) -> 1 | F9: =VLOOKUP(A9,'Deep Tech Report-Latest_Course '!$A$2:$M$26,9,FALSE) -> 0 | G9: =VLOOKUP(A9,'Deep Tech Report-Latest_Course '!$A$2:$L$26,9,) -> 0
A10: AF05210106 | B10: Aarushi sharma | C10: =VLOOKUP(A10,'Deep Tech Report-Latest_Course '!$A$2:$D$26,4,FALSE) -> 45 | D10: =VLOOKUP(A10,'Deep Tech Report-Latest_Course '!$A$2:$M$26,11,FALSE) -> 0 | E10: =VLOOKUP(A10,'Deep Tech Report-Latest_Course '!$A$2:$M$26,13,FALSE) -> 1 | F10: =VLOOKUP(A10,'Deep Tech Report-Latest_Course '!$A$2:$M$26,9,FALSE) -> 0 | G10: =VLOOKUP(A10,'Deep Tech Report-Latest_Course '!$A$2:$L$26,9,) -> 0
A11: AF05208426 | B11: Mr Ashwani | C11: =VLOOKUP(A11,'Deep Tech Report-Latest_Course '!$A$2:$D$26,4,FALSE) -> 44 | D11: =VLOOKUP(A11,'Deep Tech Report-Latest_Course '!$A$2:$M$26,11,FALSE) -> 0 | E11: =VLOOKUP(A11,'Deep Tech Report-Latest_Course '!$A$2:$M$26,13,FALSE) -> 1 | F11: =VLOOKUP(A11,'Deep Tech Report-Latest_Course '!$A$2:$M$26,9,FALSE) -> 0 | G11: =VLOOKUP(A11,'Deep Tech Report-Latest_Course '!$A$2:$L$26,9,) -> 0
A12: AF05208306 | B12: Uma Chauhan | C12: =VLOOKUP(A12,'Deep Tech Report-Latest_Course '!$A$2:$D$26,4,FALSE) -> 90 | D12: =VLOOKUP(A12,'Deep Tech Report-Latest_Course '!$A$2:$M$26,11,FALSE) -> 0 | E12: =VLOOKUP(A12,'Deep Tech Report-Latest_Course '!$A$2:$M$26,13,FALSE) -> 1 | F12: =VLOOKUP(A12,'Deep Tech Report-Latest_Course '!$A$2:$M$26,9,FALSE) -> 0 | G12: =VLOOKUP(A12,'Deep Tech Report-Latest_Course '!$A$2:$L$26,9,) -> 0
A13: AF05208304 | B13: Arbaaj Mansoori | C13: =VLOOKUP(A13,'Deep Tech Report-Latest_Course '!$A$2:$D$26,4,FALSE) -> 80 | D13: =VLOOKUP(A13,'Deep Tech Report-Latest_Course '!$A$2:$M$26,11,FALSE) -> 0 | E13: =VLOOKUP(A13,'Deep Tech Report-Latest_Course '!$A$2:$M$26,13,FALSE) -> 1 | F13: =VLOOKUP(A13,'Deep Tech Report-Latest_Course '!$A$2:$M$26,9,FALSE) -> 0 | G13: =VLOOKUP(A13,'Deep Tech Report-Latest_Course '!$A$2:$L$26,9,) -> 0
... A26: AF05165162 | B26: Aman Kumar | C26: =VLOOKUP(A26,'Deep Tech Report-Latest_Course '!$A$2:$D$26,4,FALSE) -> 58 | D26: =VLOOKUP(A26,'Deep Tech Report-Latest_Course '!$A$2:$M$26,11,FALSE) -> 0 | E26: =VLOOKUP(A26,'Deep Tech Report-Latest_Course '!$A$2:$M$26,13,FALSE) -> 1 | F26: =VLOOKUP(A26,'Deep Tech Report-Latest_Course '!$A$2:$M$26,9,FALSE) -> 0 | G26: =VLOOKUP(A26,'Deep Tech Report-Latest_Course '!$A$2:$L$26,9,) -> 0
